Grave.string(),Site.string(),SD_MIN,SD_MAX
M/10,Mesa’eed,?,?
M/10,Mesa’eed,?,?
M/10,Mesa’eed,?,?
M/10,Mesa’eed,46,66
M/10,Mesa’eed,36,68
M/10,Mesa’eed,?,?
M/10,Mesa’eed,?,?
M/10,Mesa’eed,39,79
M/10,Mesa’eed,55,81
M/10,Mesa’eed,?,?
M/10,Mesa’eed,?,?
M/10,Mesa’eed,37,37
M/10,Mesa’eed,?,?
M/10,Mesa’eed,?,?
M/10,Mesa’eed,32,80
M/10,Mesa’eed,39,74
M/10,Mesa’eed,36,68
M/10,Mesa’eed,?,?
M/10,Mesa’eed,?,?
M/17,Mesa’eed,31,63
M/17,Mesa’eed,31,63
M/17,Mesa’eed,38,66
M/17,Mesa’eed,34,63
M/17,Mesa’eed,46,61
M/17,Mesa’eed,?,?
M/17,Mesa’eed,?,?
M/17,Mesa’eed,?,?
M/17,Mesa’eed,?,?
M/17,Mesa’eed,?,?
M/17,Mesa’eed,?,?
M/17,Mesa’eed,43,73
